model_name,N_predict,model_used,initial_evaluation_success_rate,predictive_evaluation_success_rate,brier_score,accuracy,fpr,fnr,tpr,tnr
model_progression/progressionmodel_2M_2000000,200,Measurement_Layout_AAIO_NO_NAVIGATION,0.685,0.725,0.2252723305073237,0.7,0.26,0.04,0.685,0.015
model_progression/progressionmodel_2M_2000000,200,Measurement_Layout_AAIO,0.685,0.725,0.12415664631748399,0.835,0.13,0.035,0.69,0.145
model_progression/progressionmodel_2M_2000000,200,Measurement_Layout_AAIO_NO_NAVIGATION,0.685,0.725,0.22025487992472148,0.685,0.225,0.09,0.635,0.05
model_progression/progressionmodel_2M_2000000,200,Measurement_Layout_AAIO_NO_NAVIGATION,0.685,0.725,0.22057506770088178,0.675,0.225,0.1,0.625,0.05
model_progression/progressionmodel_2M_2000000,200,Measurement_Layout_AAIO,0.685,0.725,0.20486723509680663,0.69,0.245,0.065,0.66,0.03
model_progression/progressionmodel_2M_2000000,200,Measurement_Layout_AAIO,0.685,0.725,0.21410220092394552,0.6799999999999999,0.225,0.095,0.63,0.05
model_progression/progressionmodel_2M_2000000,200,XGBoost,0.685,0.725,0.10458129915943937,0.865,0.085,0.05,0.675,0.19
model_progression/progressionmodel_2M_2000000,200,Measurement_Layout_AAIO_NO_NAVIGATION,0.685,0.725,0.22102660968449653,0.675,0.225,0.1,0.625,0.05
model_progression/progressionmodel_2M_2000000,200,Measurement_Layout_AAIO_NO_NAVIGATION,0.685,0.725,0.21868216360897952,0.675,0.235,0.09,0.635,0.04
model_progression/progressionmodel_2M_2000000,200,Measurement_Layout_AAIO_NO_NAVIGATION,0.685,0.725,0.22017244008872794,0.685,0.225,0.09,0.635,0.05
model_progression/progressionmodel_2M_2000000,200,Measurement_Layout_AAIO_NO_NAVIGATION,0.685,0.725,0.22135662679193238,0.665,0.225,0.11,0.615,0.05
model_progression/progressionmodel_2M_2000000,200,Measurement_Layout_AAIO,0.685,0.725,0.20853905022110578,0.6799999999999999,0.235,0.085,0.64,0.04
model_progression/progressionmodel_2M_2000000,200,Measurement_Layout_AAIO,0.69,0.725,0.20139137785646472,0.725,0.275,0.0,0.725,0.0
model_progression/progressionmodel_2M_2000000,200,Measurement_Layout_AAIO,0.69,0.725,0.2016559665696963,0.725,0.275,0.0,0.725,0.0
model_progression/progressionmodel_2M_2000000,200,Measurement_Layout_AAIO,0.69,0.725,0.23100460334563466,0.65,0.24,0.11,0.615,0.035
model_progression/progressionmodel_2M_2000000,200,Measurement_Layout_AAIO,0.69,0.725,0.2292932392690087,0.6599999999999999,0.24,0.1,0.625,0.035
model_progression/progressionmodel_2M_2000000,200,Measurement_Layout_AAIO,0.29,0.725,0.46258624453713104,0.31999999999999995,0.07,0.61,0.115,0.205
best_model_9_precise,200,Measurement_Layout_AAIO,0.29,0.325,0.2907004459037187,0.56,0.15,0.29,0.035,0.525
best_model_9_precise,200,XGBoost,0.29,0.325,0.05915638325996054,0.92,0.025,0.055,0.13,0.79
best_model_9_precise,200,proportional,0.29,0.325,0.22059999999999988,0.57369,0.19622,0.23009000000000002,0.09491,0.47878000000000004
best_model_9_precise,200,Measurement_Layout_AAIO,0.29,0.325,0.2987587800669691,0.5549999999999999,0.165,0.28,0.045,0.51
best_model_5_precise,200,Measurement_Layout_AAIO,0.51,0.475,0.19017236769751222,0.7150000000000001,0.255,0.03,0.445,0.27
best_model_5_precise,200,XGBoost,0.51,0.475,0.10968269129265577,0.86,0.08,0.06,0.235,0.625
best_model_5_precise,200,proportional,0.51,0.475,0.2505999999999999,0.49840999999999996,0.26832,0.23327,0.24173000000000003,0.25668
model_progression/progressionmodel_2M_2000000,200,Measurement_Layout_AAIO_NO_NAVIGATION,0.685,0.725,0.19327088239480522,0.725,0.275,0.0,0.725,0.0
model_progression/progressionmodel_2M_2000000,200,Measurement_Layout_AAIO_NO_NAVIGATION,0.685,0.725,0.4867393681886631,0.275,0.0,0.725,0.0,0.275
model_progression/progressionmodel_2M_2000000,200,Measurement_Layout_AAIO_NO_NAVIGATION,0.685,0.725,0.22426093883194237,0.725,0.275,0.0,0.725,0.0
model_progression/progressionmodel_2M_2000000,200,Measurement_Layout_AAIO_NO_NAVIGATION,0.685,0.725,0.22315818902221654,0.725,0.275,0.0,0.725,0.0
model_progression/progressionmodel_2M_2000000,200,Measurement_Layout_AAIO_NO_NAVIGATION,0.685,0.725,0.22489633815578455,0.725,0.275,0.0,0.725,0.0
model_progression/progressionmodel_2M_2000000,200,Measurement_Layout_AAIO_NO_NAVIGATION,0.685,0.725,0.2255498256771782,0.725,0.275,0.0,0.725,0.0
model_progression/progressionmodel_2M_2000000,200,Measurement_Layout_AAIO_NO_NAVIGATION,0.685,0.725,0.22498294595406487,0.725,0.275,0.0,0.725,0.0
model_progression/progressionmodel_2M_2000000,200,Measurement_Layout_AAIO,0.69,0.725,0.12460951267987984,0.84,0.14,0.02,0.705,0.135
model_progression/progressionmodel_2M_2000000,200,Measurement_Layout_AAIO_NO_NAVIGATION,0.69,0.725,0.22749512718212164,0.725,0.275,0.0,0.725,0.0
model_progression/progressionmodel_2M_2000000,200,Measurement_Layout_AAIO_NO_NAVIGATION,0.69,0.725,0.22785302369259428,0.725,0.275,0.0,0.725,0.0
model_progression/progressionmodel_2M_2000000,200,Measurement_Layout_AAIO,0.69,0.725,0.19560257499482978,0.725,0.275,0.0,0.725,0.0
model_progression/progressionmodel_2M_2000000,200,Measurement_Layout_AAIO,0.69,0.725,0.12234315502147088,0.84,0.135,0.025,0.7,0.14
best_model,200,Measurement_Layout_AAIO,0.27,0.46,0.25609292138643236,0.63,0.05,0.32,0.14,0.49
best_model,200,XGBoost,0.27,0.46,0.08673921097534276,0.905,0.005,0.09,0.15,0.755
best_model,200,proportional,0.27,0.46,0.28449999999999903,0.5179300000000001,0.14643,0.33564,0.12435999999999998,0.39357000000000003
best_model,200,Measurement_Layout_AAIO,0.27,0.46,0.25107504845138484,0.65,0.055,0.295,0.165,0.485
best_model_2,200,Measurement_Layout_AAIO,0.84,0.88,0.08960183489056803,0.88,0.085,0.035,0.845,0.035
best_model_2,200,XGBoost,0.84,0.88,0.06347660931979522,0.91,0.045,0.045,0.38,0.53
best_model_2,200,proportional,0.84,0.88,0.1072000000000003,0.75788,0.1009,0.14122,0.73878,0.019100000000000002
best_model_3,200,Measurement_Layout_AAIO,0.79,0.81,0.09958367757674368,0.855,0.085,0.06,0.75,0.105
best_model_3,200,XGBoost,0.79,0.81,0.05015411861065287,0.925,0.04,0.035,0.365,0.56
best_model_3,200,proportional,0.79,0.81,0.15430000000000005,0.677905,0.149795,0.1723,0.6377,0.040205000000000005

best_model_4,200,Measurement_Layout_AAIO,0.645,0.765,0.14028960911421867,0.8,0.155,0.045,0.72,0.08
best_model_4,200,XGBoost,0.645,0.765,0.10219530892093388,0.875,0.075,0.05,0.315,0.56
best_model_4,200,proportional,0.645,0.765,0.19417499999999938,0.5751600000000001,0.151725,0.273115,0.491885,0.083275
best_model_7_precise,200,Measurement_Layout_AAIO,0.205,0.185,0.12522636963806608,0.825,0.035,0.14,0.045,0.78
best_model_7_precise,200,XGBoost,0.205,0.185,0.049918936664149975,0.93,0.03,0.04,0.075,0.855
best_model_7_precise,200,proportional,0.205,0.185,0.1511749999999995,0.6868099999999999,0.16595,0.14724,0.03776,0.64905
best_model_7_precise,200,Measurement_Layout_AAIO_NO_NAVIGATION,0.205,0.185,0.1311029061194963,0.8200000000000001,0.01,0.17,0.015,0.805
model_progression/progressionmodel_2M_2000000,200,Measurement_Layout_AAIO_NO_NAVIGATION,0.69,0.725,0.1938744976500883,0.725,0.275,0.0,0.725,0.0
model_progression/progressionmodel_2M_2000000,200,Measurement_Layout_AAIO_NO_NAVIGATION,0.685,0.725,0.19245543280291022,0.725,0.275,0.0,0.725,0.0
model_progression/progressionmodel_2M_2000000,200,Measurement_Layout_AAIO_NO_NAVIGATION,0.685,0.725,0.19392411126043144,0.725,0.275,0.0,0.725,0.0
model_progression/progressionmodel_2M_2000000,200,Measurement_Layout_AAIO,0.69,0.725,0.12315823362289594,0.84,0.14,0.02,0.705,0.135
model_progression/progressionmodel_2M_2000000,200,proportional,0.69,0.725,0.20059999999999992,0.58569,0.19008999999999998,0.22422000000000003,0.50078,0.08491
model_progression/progressionmodel_2M_2000000,200,Measurement_Layout_AAIO,0.72,0.725,0.1261333769351023,0.825,0.155,0.02,0.705,0.12
model_progression/progressionmodel_2M_2000000,200,Measurement_Layout_AAIO_NO_NAVIGATION,0.72,0.725,0.20114317371381446,0.725,0.275,0.0,0.725,0.0
/model_progression/progressionmodel_2M_40000,200,Measurement_Layout_AAIO,0.345,0.315,0.16445992120011313,0.825,0.07,0.105,0.21,0.615
/model_progression/progressionmodel_2M_40000,200,XGBoost,0.345,0.315,0.3414177450088357,0.515,0.27,0.215,0.095,0.42
/model_progression/progressionmodel_2M_40000,200,proportional,0.345,0.315,0.21667500000000048,0.55745,0.23648000000000002,0.20607000000000003,0.10893000000000001,0.44852
/model_progression/progressionmodel_2M_80000,200,Measurement_Layout_AAIO,0.345,0.505,0.20903685954204437,0.6950000000000001,0.04,0.265,0.24,0.455
/model_progression/progressionmodel_2M_80000,200,XGBoost,0.345,0.505,0.4567875766100951,0.36,0.255,0.385,0.11,0.25
/model_progression/progressionmodel_2M_80000,200,proportional,0.345,0.505,0.2755750000000007,0.49863,0.17089,0.33048,0.17451999999999998,0.32411
/model_progression/progressionmodel_2M_120000,200,Measurement_Layout_AAIO,0.345,0.495,0.2177999131062322,0.665,0.06,0.275,0.22,0.445
/model_progression/progressionmodel_2M_120000,200,XGBoost,0.345,0.495,0.4584544331291545,0.355,0.26,0.385,0.105,0.25
/model_progression/progressionmodel_2M_120000,200,proportional,0.345,0.495,0.2724750000000007,0.50056,0.17492500000000002,0.324515,0.17048500000000003,0.33007500000000006
/model_progression/progressionmodel_2M_160000,200,Measurement_Layout_AAIO,0.345,0.52,0.24515541649352243,0.62,0.07,0.31,0.21,0.41
/model_progression/progressionmodel_2M_160000,200,XGBoost,0.345,0.52,0.45660556556251325,0.35,0.255,0.395,0.11,0.24
/model_progression/progressionmodel_2M_160000,200,proportional,0.345,0.52,0.28022500000000067,0.49438,0.165515,0.340105,0.179895,0.314485
/model_progression/progressionmodel_2M_200000,200,Measurement_Layout_AAIO,0.345,0.53,0.2321386434777921,0.62,0.065,0.315,0.215,0.405
/model_progression/progressionmodel_2M_200000,200,XGBoost,0.345,0.53,0.46501178468728543,0.355,0.25,0.395,0.115,0.24
/model_progression/progressionmodel_2M_200000,200,proportional,0.345,0.53,0.28332500000000077,0.48963999999999996,0.162885,0.34747500000000003,0.182525,0.307115
/model_progression/progressionmodel_2M_240000,200,Measurement_Layout_AAIO,0.345,0.635,0.24758912758297605,0.615,0.015,0.37,0.265,0.35
/model_progression/progressionmodel_2M_240000,200,XGBoost,0.345,0.635,0.4875047594028365,0.355,0.2,0.445,0.165,0.19
/model_progression/progressionmodel_2M_240000,200,proportional,0.345,0.635,0.3158750000000009,0.45793,0.12624000000000002,0.41583000000000003,0.21917,0.23876
/model_progression/progressionmodel_2M_280000,200,Measurement_Layout_AAIO,0.345,0.505,0.24152486987456545,0.605,0.085,0.31,0.195,0.41
/model_progression/progressionmodel_2M_280000,200,XGBoost,0.345,0.505,0.4692963613323082,0.34,0.265,0.395,0.1,0.24
/model_progression/progressionmodel_2M_280000,200,proportional,0.345,0.505,0.2755750000000007,0.49769,0.17136,0.33094999999999997,0.17405,0.32364
/model_progression/progressionmodel_2M_320000,200,Measurement_Layout_AAIO,0.345,0.595,0.21825412452237916,0.655,0.015,0.33,0.265,0.39
/model_progression/progressionmodel_2M_320000,200,XGBoost,0.345,0.595,0.4738716079057849,0.36,0.22,0.42,0.145,0.215
/model_progression/progressionmodel_2M_320000,200,proportional,0.345,0.595,0.3034750000000009,0.47059,0.13991,0.3895,0.2055,0.26509000000000005
/model_progression/progressionmodel_2M_360000,200,Measurement_Layout_AAIO,0.345,0.5,0.226856350435106,0.62,0.08,0.3,0.2,0.42
/model_progression/progressionmodel_2M_360000,200,XGBoost,0.345,0.5,0.4962264940397654,0.31,0.285,0.405,0.08,0.23
/model_progression/progressionmodel_2M_360000,200,proportional,0.345,0.5,0.2740250000000007,0.49964,0.17288499999999998,0.32747499999999996,0.172525,0.327115
/model_progression/progressionmodel_2M_400000,200,Measurement_Layout_AAIO,0.345,0.525,0.2292331667037754,0.625,0.065,0.31,0.215,0.41
/model_progression/progressionmodel_2M_400000,200,XGBoost,0.345,0.525,0.49482406116125277,0.315,0.275,0.41,0.09,0.225
/model_progression/progressionmodel_2M_400000,200,proportional,0.345,0.525,0.2817750000000007,0.49095,0.16473000000000002,0.34431999999999996,0.18068,0.31027
/model_progression/progressionmodel_2M_440000,200,Measurement_Layout_AAIO,0.345,0.495,0.21669026194824223,0.665,0.06,0.275,0.22,0.445
/model_progression/progressionmodel_2M_440000,200,XGBoost,0.345,0.495,0.46973293586519504,0.34,0.265,0.395,0.1,0.24
/model_progression/progressionmodel_2M_440000,200,proportional,0.345,0.495,0.2724750000000007,0.50155,0.17443,0.32402,0.17098000000000002,0.33057
/model_progression/progressionmodel_2M_480000,200,Measurement_Layout_AAIO,0.345,0.47,0.24139628249140224,0.63,0.09,0.28,0.19,0.44
/model_progression/progressionmodel_2M_480000,200,XGBoost,0.345,0.47,0.4666252476831869,0.345,0.28,0.375,0.085,0.26
/model_progression/progressionmodel_2M_480000,200,proportional,0.345,0.47,0.2647250000000006,0.50857,0.18342,0.30801,0.16199000000000002,0.34658
/model_progression/progressionmodel_2M_520000,200,Measurement_Layout_AAIO,0.345,0.585,0.23090629163293033,0.625,0.035,0.34,0.245,0.38
/model_progression/progressionmodel_2M_520000,200,XGBoost,0.345,0.585,0.5056041835496217,0.315,0.25,0.435,0.115,0.2
/model_progression/progressionmodel_2M_520000,200,proportional,0.345,0.585,0.30037500000000084,0.47445999999999994,0.142975,0.38256500000000004,0.202435,0.27202499999999996
/model_progression/progressionmodel_2M_560000,200,Measurement_Layout_AAIO,0.345,0.565,0.24271897234528717,0.615,0.05,0.335,0.23,0.385
/model_progression/progressionmodel_2M_560000,200,XGBoost,0.345,0.565,0.49729569398918105,0.315,0.25,0.435,0.115,0.2
/model_progression/progressionmodel_2M_560000,200,proportional,0.345,0.565,0.2941750000000008,0.47936,0.15052499999999996,0.370115,0.194885,0.28447500000000003
/model_progression/progressionmodel_2M_600000,200,Measurement_Layout_AAIO,0.345,0.51,0.23399630394496182,0.63,0.07,0.3,0.21,0.42
/model_progression/progressionmodel_2M_600000,200,XGBoost,0.345,0.51,0.48022154448222865,0.34,0.265,0.395,0.1,0.24
/model_progression/progressionmodel_2M_600000,200,proportional,0.345,0.51,0.2771250000000007,0.49615,0.16963,0.33422,0.17578,0.32037
/model_progression/progressionmodel_2M_640000,200,Measurement_Layout_AAIO,0.345,0.47,0.21312669295442122,0.6599999999999999,0.075,0.265,0.205,0.455
/model_progression/progressionmodel_2M_640000,200,XGBoost,0.345,0.47,0.4953215454743588,0.305,0.3,0.395,0.065,0.24
/model_progression/progressionmodel_2M_640000,200,proportional,0.345,0.47,0.26472500000000065,0.5100600000000001,0.18267499999999998,0.307265,0.162735,0.347325
/model_progression/progressionmodel_2M_680000,200,Measurement_Layout_AAIO,0.345,0.52,0.23866531708424232,0.64,0.06,0.3,0.22,0.42
/model_progression/progressionmodel_2M_680000,200,XGBoost,0.345,0.52,0.47754848879867495,0.335,0.26,0.405,0.105,0.23
/model_progression/progressionmodel_2M_680000,200,proportional,0.345,0.52,0.28022500000000067,0.49259,0.16641,0.341,0.179,0.31359000000000004
/model_progression/progressionmodel_2M_720000,200,Measurement_Layout_AAIO,0.345,0.55,0.24222206983641306,0.62,0.055,0.325,0.225,0.395
/model_progression/progressionmodel_2M_720000,200,XGBoost,0.345,0.55,0.47787386916526886,0.345,0.24,0.415,0.125,0.22
/model_progression/progressionmodel_2M_720000,200,proportional,0.345,0.55,0.28952500000000075,0.4847,0.155355,0.359945,0.190055,0.294645
/model_progression/progressionmodel_2M_760000,200,Measurement_Layout_AAIO,0.345,0.595,0.2512570274327358,0.595,0.045,0.36,0.235,0.36
/model_progression/progressionmodel_2M_760000,200,XGBoost,0.345,0.595,0.4717339292449833,0.33,0.24,0.43,0.125,0.205
/model_progression/progressionmodel_2M_760000,200,proportional,0.345,0.595,0.3034750000000008,0.4710599999999999,0.13967500000000002,0.38926499999999997,0.205735,0.26532500000000003
/model_progression/progressionmodel_2M_800000,200,Measurement_Layout_AAIO,0.345,0.49,0.20176078821677768,0.69,0.05,0.26,0.23,0.46
/model_progression/progressionmodel_2M_800000,200,XGBoost,0.345,0.49,0.4540823328901388,0.365,0.26,0.375,0.105,0.26
/model_progression/progressionmodel_2M_800000,200,proportional,0.345,0.49,0.27092500000000064,0.50281,0.1763,0.32089,0.16910999999999998,0.33370000000000005
/model_progression/progressionmodel_2M_840000,200,Measurement_Layout_AAIO,0.345,0.53,0.23351343732788313,0.62,0.065,0.315,0.215,0.405
/model_progression/progressionmodel_2M_840000,200,XGBoost,0.345,0.53,0.4949855397788997,0.3,0.275,0.425,0.09,0.21
/model_progression/progressionmodel_2M_840000,200,proportional,0.345,0.53,0.2833250000000007,0.48916,0.163125,0.34771500000000005,0.18228500000000003,0.306875
/model_progression/progressionmodel_2M_880000,200,Measurement_Layout_AAIO,0.345,0.545,0.23384969734509958,0.635,0.05,0.315,0.23,0.405
/model_progression/progressionmodel_2M_880000,200,XGBoost,0.345,0.545,0.4856149521592488,0.325,0.25,0.425,0.115,0.21
/model_progression/progressionmodel_2M_880000,200,proportional,0.345,0.545,0.28797500000000076,0.48572000000000004,0.15734500000000004,0.356935,0.188065,0.297655
/model_progression/progressionmodel_2M_920000,200,Measurement_Layout_AAIO,0.345,0.535,0.2325723224573358,0.665,0.04,0.295,0.24,0.425
/model_progression/progressionmodel_2M_920000,200,XGBoost,0.345,0.535,0.4864749559862321,0.35,0.24,0.41,0.125,0.225
/model_progression/progressionmodel_2M_920000,200,proportional,0.345,0.535,0.2848750000000007,0.48825,0.16108,0.35067000000000004,0.18433,0.30392
/model_progression/progressionmodel_2M_960000,200,Measurement_Layout_AAIO,0.345,0.575,0.2409239269606432,0.605,0.05,0.345,0.23,0.375
/model_progression/progressionmodel_2M_960000,200,XGBoost,0.345,0.575,0.49898905308848046,0.32,0.245,0.435,0.12,0.2
/model_progression/progressionmodel_2M_960000,200,proportional,0.345,0.575,0.2972750000000008,0.4769,0.146755,0.37634500000000004,0.198655,0.278245
/model_progression/progressionmodel_2M_1000000,200,Measurement_Layout_AAIO,0.345,0.61,0.24611128851230246,0.5700000000000001,0.05,0.38,0.23,0.34
/model_progression/progressionmodel_2M_1000000,200,XGBoost,0.345,0.61,0.4732947217510446,0.34,0.215,0.445,0.15,0.19
/model_progression/progressionmodel_2M_1000000,200,proportional,0.345,0.61,0.30812500000000087,0.46601,0.13470000000000001,0.39929,0.21071,0.25529999999999997
/model_progression/progressionmodel_2M_1040000,200,Measurement_Layout_AAIO,0.345,0.57,0.23535566937476016,0.61,0.05,0.34,0.23,0.38
/model_progression/progressionmodel_2M_1040000,200,XGBoost,0.345,0.57,0.4892801720872012,0.335,0.24,0.425,0.125,0.21
/model_progression/progressionmodel_2M_1040000,200,proportional,0.345,0.57,0.2957250000000008,0.47722000000000003,0.149095,0.37368500000000004,0.196315,0.28090499999999996
/model_progression/progressionmodel_2M_1080000,200,Measurement_Layout_AAIO,0.345,0.605,0.26398405386020146,0.565,0.055,0.38,0.225,0.34
/model_progression/progressionmodel_2M_1080000,200,XGBoost,0.345,0.605,0.48757758377676513,0.325,0.23,0.445,0.135,0.19
/model_progression/progressionmodel_2M_1080000,200,proportional,0.345,0.605,0.3065750000000009,0.46714,0.136635,0.39622499999999994,0.20877500000000002,0.258365
/model_progression/progressionmodel_2M_1120000,200,Measurement_Layout_AAIO,0.345,0.59,0.25121315778939046,0.61,0.04,0.35,0.24,0.37
/model_progression/progressionmodel_2M_1120000,200,XGBoost,0.345,0.59,0.5048399735302155,0.31,0.245,0.445,0.12,0.19
/model_progression/progressionmodel_2M_1120000,200,proportional,0.345,0.59,0.30192500000000083,0.47141999999999995,0.141995,0.386585,0.203415,0.268005
/model_progression/progressionmodel_2M_1160000,200,Measurement_Layout_AAIO,0.345,0.55,0.22759703957132452,0.63,0.05,0.32,0.23,0.4
/model_progression/progressionmodel_2M_1160000,200,XGBoost,0.345,0.55,0.4689180746401326,0.365,0.235,0.4,0.13,0.235
/model_progression/progressionmodel_2M_1160000,200,proportional,0.345,0.55,0.28952500000000075,0.48421,0.1556,0.36019,0.18981,0.2944
/model_progression/progressionmodel_2M_1200000,200,Measurement_Layout_AAIO,0.345,0.62,0.23879214985322716,0.5700000000000001,0.045,0.385,0.235,0.335
/model_progression/progressionmodel_2M_1200000,200,XGBoost,0.345,0.62,0.49599792156139305,0.315,0.22,0.465,0.145,0.17
/model_progression/progressionmodel_2M_1200000,200,proportional,0.345,0.62,0.31122500000000086,0.46242999999999995,0.13149,0.40608000000000005,0.21392000000000003,0.24851
/model_progression/progressionmodel_2M_1240000,200,Measurement_Layout_AAIO,0.345,0.665,0.2589526768185547,0.5549999999999999,0.03,0.415,0.25,0.305
/model_progression/progressionmodel_2M_1240000,200,XGBoost,0.345,0.665,0.49028296408523603,0.35,0.18,0.47,0.185,0.165
/model_progression/progressionmodel_2M_1240000,200,proportional,0.345,0.665,0.3251750000000008,0.44837,0.11602000000000001,0.43560999999999994,0.22939,0.21897999999999998
/model_progression/progressionmodel_2M_1280000,200,Measurement_Layout_AAIO,0.345,0.56,0.2470683798653455,0.61,0.055,0.335,0.225,0.385
/model_progression/progressionmodel_2M_1280000,200,XGBoost,0.345,0.56,0.494751294634425,0.31,0.26,0.43,0.105,0.205
/model_progression/progressionmodel_2M_1280000,200,proportional,0.345,0.56,0.2926250000000008,0.48117,0.15212,0.36671000000000004,0.19329000000000002,0.28787999999999997
/model_progression/progressionmodel_2M_1320000,200,Measurement_Layout_AAIO,0.345,0.69,0.2759932963238687,0.54,0.025,0.435,0.255,0.285
/model_progression/progressionmodel_2M_1320000,200,XGBoost,0.345,0.69,0.5027388194257583,0.325,0.185,0.49,0.18,0.145
/model_progression/progressionmodel_2M_1320000,200,proportional,0.345,0.69,0.33292500000000075,0.44095000000000006,0.10723000000000002,0.45182,0.23818,0.20277
/model_progression/progressionmodel_2M_1360000,200,Measurement_Layout_AAIO,0.345,0.55,0.2564371669843745,0.5900000000000001,0.07,0.34,0.21,0.38
/model_progression/progressionmodel_2M_1360000,200,XGBoost,0.345,0.55,0.4872424378584037,0.315,0.26,0.425,0.105,0.21
/model_progression/progressionmodel_2M_1360000,200,proportional,0.345,0.55,0.28952500000000075,0.48466,0.155375,0.35996500000000003,0.190035,0.294625
/model_progression/progressionmodel_2M_1400000,200,Measurement_Layout_AAIO,0.345,0.55,0.23638987780790363,0.63,0.05,0.32,0.23,0.4
/model_progression/progressionmodel_2M_1400000,200,XGBoost,0.345,0.55,0.4952781688662799,0.32,0.25,0.43,0.115,0.205
/model_progression/progressionmodel_2M_1400000,200,proportional,0.345,0.55,0.28952500000000075,0.4841,0.155655,0.360245,0.189755,0.294345
/model_progression/progressionmodel_2M_1440000,200,Measurement_Layout_AAIO,0.345,0.64,0.25492650168703457,0.5900000000000001,0.025,0.385,0.255,0.335
/model_progression/progressionmodel_2M_1440000,200,XGBoost,0.345,0.64,0.48039576021172253,0.33,0.2,0.47,0.165,0.165
/model_progression/progressionmodel_2M_1440000,200,proportional,0.345,0.64,0.3174250000000009,0.45656,0.12442500000000001,0.41901499999999997,0.22098500000000001,0.235575
/model_progression/progressionmodel_2M_1480000,200,Measurement_Layout_AAIO,0.345,0.645,0.2583542379991032,0.5549999999999999,0.04,0.405,0.24,0.315
/model_progression/progressionmodel_2M_1480000,200,XGBoost,0.345,0.645,0.49422670805328384,0.31,0.21,0.48,0.155,0.155
/model_progression/progressionmodel_2M_1480000,200,proportional,0.345,0.645,0.3189750000000009,0.45378999999999997,0.12331,0.42290000000000005,0.2221,0.23169
/model_progression/progressionmodel_2M_1520000,200,Measurement_Layout_AAIO,0.345,0.69,0.26180686986321783,0.55,0.02,0.43,0.26,0.29
/model_progression/progressionmodel_2M_1520000,200,XGBoost,0.345,0.69,0.4957022777076418,0.32,0.195,0.485,0.17,0.15
/model_progression/progressionmodel_2M_1520000,200,proportional,0.345,0.69,0.33292500000000075,0.44049,0.10746000000000001,0.45205,0.23795,0.20254000000000003
/model_progression/progressionmodel_2M_1560000,200,Measurement_Layout_AAIO,0.345,0.62,0.2500713999123077,0.6,0.03,0.37,0.25,0.35
/model_progression/progressionmodel_2M_1560000,200,XGBoost,0.345,0.62,0.48256485084453743,0.335,0.215,0.45,0.15,0.185
/model_progression/progressionmodel_2M_1560000,200,proportional,0.345,0.62,0.31122500000000086,0.46129999999999993,0.132055,0.406645,0.21335500000000002,0.247945
/model_progression/progressionmodel_2M_1600000,200,Measurement_Layout_AAIO,0.345,0.64,0.2590632751737226,0.5800000000000001,0.03,0.39,0.25,0.33
/model_progression/progressionmodel_2M_1600000,200,XGBoost,0.345,0.64,0.5219568544045978,0.29,0.225,0.485,0.14,0.15
/model_progression/progressionmodel_2M_1600000,200,proportional,0.345,0.64,0.3174250000000009,0.4567,0.124355,0.41894500000000007,0.221055,0.23564500000000002
/model_progression/progressionmodel_2M_1640000,200,Measurement_Layout_AAIO,0.345,0.7,0.2801113871123867,0.54,0.02,0.44,0.26,0.28
/model_progression/progressionmodel_2M_1640000,200,XGBoost,0.345,0.7,0.490698027296894,0.34,0.175,0.485,0.19,0.15
/model_progression/progressionmodel_2M_1640000,200,proportional,0.345,0.7,0.3360250000000007,0.43757000000000007,0.10392000000000001,0.45851,0.24149,0.19607999999999998
/model_progression/progressionmodel_2M_1680000,200,Measurement_Layout_AAIO,0.345,0.61,0.2592791497789768,0.5700000000000001,0.05,0.38,0.23,0.34
/model_progression/progressionmodel_2M_1680000,200,XGBoost,0.345,0.61,0.505516184818298,0.305,0.23,0.465,0.135,0.17
/model_progression/progressionmodel_2M_1680000,200,proportional,0.345,0.61,0.30812500000000087,0.46558,0.134915,0.399505,0.21049500000000002,0.255085
/model_progression/progressionmodel_2M_1720000,200,Measurement_Layout_AAIO,0.345,0.66,0.25524896653548707,0.56,0.03,0.41,0.25,0.31
/model_progression/progressionmodel_2M_1720000,200,XGBoost,0.345,0.66,0.5263261522034008,0.285,0.21,0.505,0.155,0.13
/model_progression/progressionmodel_2M_1720000,200,proportional,0.345,0.66,0.3236250000000009,0.45042999999999994,0.11749000000000001,0.43208,0.22791999999999998,0.22251
/model_progression/progressionmodel_2M_1760000,200,Measurement_Layout_AAIO,0.345,0.62,0.2515435369114545,0.5700000000000001,0.045,0.385,0.235,0.335
/model_progression/progressionmodel_2M_1760000,200,XGBoost,0.345,0.62,0.49627920272923803,0.315,0.225,0.46,0.14,0.175
/model_progression/progressionmodel_2M_1760000,200,proportional,0.345,0.62,0.31122500000000086,0.46204,0.131685,0.406275,0.213725,0.248315
/model_progression/progressionmodel_2M_1800000,200,Measurement_Layout_AAIO,0.345,0.63,0.24927345499088133,0.5800000000000001,0.035,0.385,0.245,0.335
/model_progression/progressionmodel_2M_1800000,200,XGBoost,0.345,0.63,0.5010399909007901,0.315,0.22,0.465,0.145,0.17
/model_progression/progressionmodel_2M_1800000,200,proportional,0.345,0.63,0.3143250000000009,0.45852000000000004,0.12844500000000003,0.41303500000000004,0.216965,0.24155500000000002
/model_progression/progressionmodel_2M_1840000,200,Measurement_Layout_AAIO,0.345,0.64,0.25104768324417165,0.56,0.04,0.4,0.24,0.32
/model_progression/progressionmodel_2M_1840000,200,XGBoost,0.345,0.64,0.48730405220838297,0.35,0.195,0.455,0.17,0.18
/model_progression/progressionmodel_2M_1840000,200,proportional,0.345,0.64,0.3174250000000009,0.45616999999999996,0.12462000000000001,0.41921,0.22079,0.23538
/model_progression/progressionmodel_2M_1880000,200,Measurement_Layout_AAIO,0.345,0.69,0.27266502507472334,0.51,0.04,0.45,0.24,0.27
/model_progression/progressionmodel_2M_1880000,200,XGBoost,0.345,0.69,0.5235796796316936,0.28,0.21,0.51,0.155,0.125
/model_progression/progressionmodel_2M_1880000,200,proportional,0.345,0.69,0.3329250000000007,0.44134999999999996,0.10703,0.45162,0.23838,0.20297000000000004
/model_progression/progressionmodel_2M_1920000,200,Measurement_Layout_AAIO,0.345,0.72,0.28306933571516896,0.49,0.035,0.475,0.245,0.245
/model_progression/progressionmodel_2M_1920000,200,XGBoost,0.345,0.72,0.4870338120346787,0.345,0.155,0.5,0.21,0.135
/model_progression/progressionmodel_2M_1920000,200,proportional,0.345,0.72,0.3422250000000006,0.43132,0.097045,0.47163499999999997,0.248365,0.18295499999999998
/model_progression/progressionmodel_2M_1960000,200,Measurement_Layout_AAIO,0.345,0.67,0.26692232577103125,0.53,0.04,0.43,0.24,0.29
/model_progression/progressionmodel_2M_1960000,200,XGBoost,0.345,0.67,0.5088101712775097,0.3,0.21,0.49,0.155,0.145
/model_progression/progressionmodel_2M_1960000,200,proportional,0.345,0.67,0.3267250000000009,0.44667,0.11437,0.43895999999999996,0.23104000000000002,0.21563
/model_progression/progressionmodel_2M_2000000,200,Measurement_Layout_AAIO,0.345,0.615,0.24446008124324173,0.585,0.04,0.375,0.24,0.345
/model_progression/progressionmodel_2M_2000000,200,XGBoost,0.345,0.615,0.49084466473759675,0.325,0.22,0.455,0.145,0.18
/model_progression/progressionmodel_2M_2000000,200,proportional,0.345,0.615,0.30967500000000087,0.46403999999999995,0.133185,0.402775,0.21222500000000002,0.251815
/model_progression/progressionmodel_2M_40000,200,Measurement_Layout_AAIO,0.345,0.325,0.17289893921249114,0.8049999999999999,0.075,0.12,0.205,0.6
/model_progression/progressionmodel_2M_80000,200,Measurement_Layout_AAIO,0.375,0.46,0.19061162819598285,0.71,0.255,0.035,0.425,0.285
/model_progression/progressionmodel_2M_120000,200,Measurement_Layout_AAIO,0.365,0.485,0.20607515820627048,0.6699999999999999,0.29,0.04,0.445,0.225
/model_progression/progressionmodel_2M_160000,200,Measurement_Layout_AAIO,0.32,0.535,0.19779704109873794,0.69,0.285,0.025,0.51,0.18
/model_progression/progressionmodel_2M_200000,200,Measurement_Layout_AAIO,0.42,0.555,0.20091486596008118,0.7,0.27,0.03,0.525,0.175
/model_progression/progressionmodel_2M_240000,200,Measurement_Layout_AAIO,0.57,0.59,0.2026398286634544,0.6599999999999999,0.34,0.0,0.59,0.07
/model_progression/progressionmodel_2M_280000,200,Measurement_Layout_AAIO,0.585,0.52,0.2154797891636433,0.645,0.325,0.03,0.49,0.155
/model_progression/progressionmodel_2M_320000,200,Measurement_Layout_AAIO,0.51,0.615,0.18166961115176314,0.7,0.295,0.005,0.61,0.09
/model_progression/progressionmodel_2M_360000,200,Measurement_Layout_AAIO,0.525,0.51,0.2234169257752435,0.635,0.33,0.035,0.475,0.16
/model_progression/progressionmodel_2M_400000,200,Measurement_Layout_AAIO,0.61,0.49,0.22089553655005806,0.63,0.335,0.035,0.455,0.175
/model_progression/progressionmodel_2M_440000,200,Measurement_Layout_AAIO,0.53,0.485,0.21224420192695426,0.6799999999999999,0.305,0.015,0.47,0.21
/model_progression/progressionmodel_2M_480000,200,Measurement_Layout_AAIO,0.595,0.5,0.21160851578710366,0.6699999999999999,0.305,0.025,0.475,0.195
/model_progression/progressionmodel_2M_520000,200,Measurement_Layout_AAIO,0.525,0.58,0.18077417807462476,0.7050000000000001,0.27,0.025,0.555,0.15
/model_progression/progressionmodel_2M_560000,200,Measurement_Layout_AAIO,0.51,0.505,0.2218959652425816,0.645,0.34,0.015,0.49,0.155
/model_progression/progressionmodel_2M_600000,200,Measurement_Layout_AAIO,0.605,0.53,0.20367447677893194,0.69,0.275,0.035,0.495,0.195
/model_progression/progressionmodel_2M_640000,200,Measurement_Layout_AAIO,0.565,0.44,0.21063649469637447,0.6799999999999999,0.29,0.03,0.41,0.27
/model_progression/progressionmodel_2M_680000,200,Measurement_Layout_AAIO,0.6,0.545,0.20802969431506094,0.635,0.35,0.015,0.53,0.105
/model_progression/progressionmodel_2M_720000,200,Measurement_Layout_AAIO,0.555,0.585,0.19812569402784658,0.685,0.3,0.015,0.57,0.115
/model_progression/progressionmodel_2M_760000,200,Measurement_Layout_AAIO,0.58,0.62,0.19400625925824094,0.685,0.3,0.015,0.605,0.08
/model_progression/progressionmodel_2M_800000,200,Measurement_Layout_AAIO,0.63,0.53,0.20128437045009087,0.685,0.29,0.025,0.505,0.18
/model_progression/progressionmodel_2M_840000,200,Measurement_Layout_AAIO,0.625,0.56,0.19689009592284543,0.71,0.275,0.015,0.545,0.165
/model_progression/progressionmodel_2M_880000,200,Measurement_Layout_AAIO,0.605,0.54,0.20429931603419998,0.685,0.3,0.015,0.525,0.16
/model_progression/progressionmodel_2M_920000,200,Measurement_Layout_AAIO,0.58,0.61,0.1929818453527989,0.7150000000000001,0.275,0.01,0.6,0.115
/model_progression/progressionmodel_2M_960000,200,Measurement_Layout_AAIO,0.625,0.535,0.21549175592800968,0.645,0.355,0.0,0.535,0.11
/model_progression/progressionmodel_2M_1000000,200,Measurement_Layout_AAIO,0.625,0.55,0.20843329957550916,0.675,0.315,0.01,0.54,0.135
/model_progression/progressionmodel_2M_1040000,200,Measurement_Layout_AAIO,0.68,0.57,0.2022074612498079,0.685,0.295,0.02,0.55,0.135
/model_progression/progressionmodel_2M_1080000,200,Measurement_Layout_AAIO,0.715,0.595,0.19996898193349416,0.675,0.32,0.005,0.59,0.085
/model_progression/progressionmodel_2M_1120000,200,Measurement_Layout_AAIO,0.655,0.56,0.21226511150390615,0.6599999999999999,0.325,0.015,0.545,0.115
/model_progression/progressionmodel_2M_1160000,200,Measurement_Layout_AAIO,0.72,0.585,0.18467549085768054,0.7150000000000001,0.26,0.025,0.56,0.155
/model_progression/progressionmodel_2M_1200000,200,Measurement_Layout_AAIO,0.75,0.645,0.18673738002028095,0.69,0.305,0.005,0.64,0.05
/model_progression/progressionmodel_2M_1240000,200,Measurement_Layout_AAIO,0.585,0.645,0.19164389656570738,0.6950000000000001,0.305,0.0,0.645,0.05
/model_progression/progressionmodel_2M_1280000,200,Measurement_Layout_AAIO,0.565,0.57,0.2102549643044668,0.655,0.325,0.02,0.55,0.105
/model_progression/progressionmodel_2M_1320000,200,Measurement_Layout_AAIO,0.52,0.65,0.18705986737916638,0.71,0.285,0.005,0.645,0.065
/model_progression/progressionmodel_2M_1360000,200,Measurement_Layout_AAIO,0.595,0.52,0.2180519361269017,0.645,0.35,0.005,0.515,0.13
/model_progression/progressionmodel_2M_1400000,200,Measurement_Layout_AAIO,0.61,0.575,0.20070000830563473,0.6799999999999999,0.295,0.025,0.55,0.13
/model_progression/progressionmodel_2M_1440000,200,Measurement_Layout_AAIO,0.675,0.6,0.20518687598500726,0.6599999999999999,0.335,0.005,0.595,0.065
/model_progression/progressionmodel_2M_1480000,200,Measurement_Layout_AAIO,0.685,0.605,0.1965031676841973,0.6699999999999999,0.325,0.005,0.6,0.07
/model_progression/progressionmodel_2M_1520000,200,Measurement_Layout_AAIO,0.68,0.67,0.17403115715725292,0.7150000000000001,0.285,0.0,0.67,0.045
/model_progression/progressionmodel_2M_1560000,200,Measurement_Layout_AAIO,0.625,0.625,0.18933921908434756,0.6950000000000001,0.305,0.0,0.625,0.07
/model_progression/progressionmodel_2M_1600000,200,Measurement_Layout_AAIO,0.67,0.62,0.20322483399209731,0.6799999999999999,0.315,0.005,0.615,0.065
/model_progression/progressionmodel_2M_1640000,200,Measurement_Layout_AAIO,0.58,0.745,0.1485588126159555,0.775,0.22,0.005,0.74,0.035
/model_progression/progressionmodel_2M_1680000,200,Measurement_Layout_AAIO,0.595,0.625,0.19161258687077887,0.72,0.265,0.015,0.61,0.11
/model_progression/progressionmodel_2M_1720000,200,Measurement_Layout_AAIO,0.55,0.64,0.20184728304405283,0.685,0.305,0.01,0.63,0.055
/model_progression/progressionmodel_2M_1760000,200,Measurement_Layout_AAIO,0.615,0.635,0.19274610427113095,0.7150000000000001,0.265,0.02,0.615,0.1
/model_progression/progressionmodel_2M_1800000,200,Measurement_Layout_AAIO,0.625,0.655,0.17468078147431235,0.75,0.245,0.005,0.65,0.1
/model_progression/progressionmodel_2M_1840000,200,Measurement_Layout_AAIO,0.63,0.665,0.1800143987503855,0.71,0.29,0.0,0.665,0.045
/model_progression/progressionmodel_2M_1880000,200,Measurement_Layout_AAIO,0.59,0.66,0.17987311888847685,0.71,0.29,0.0,0.66,0.05
/model_progression/progressionmodel_2M_1920000,200,Measurement_Layout_AAIO,0.57,0.725,0.15583005084856477,0.77,0.23,0.0,0.725,0.045
/model_progression/progressionmodel_2M_1960000,200,Measurement_Layout_AAIO,0.615,0.695,0.17106639814549773,0.725,0.255,0.02,0.675,0.05
/model_progression/progressionmodel_2M_2000000,200,Measurement_Layout_AAIO,0.66,0.605,0.19612926396300606,0.7050000000000001,0.285,0.01,0.595,0.11
/model_progression/progressionmodel_2M_40000,200,Measurement_Layout_AAIO,0.415,0.275,0.16196177871975245,0.8049999999999999,0.04,0.155,0.12,0.685
/model_progression/progressionmodel_2M_80000,200,Measurement_Layout_AAIO,0.575,0.46,0.17199881849746582,0.815,0.14,0.045,0.415,0.4
/model_progression/progressionmodel_2M_120000,200,Measurement_Layout_AAIO,0.615,0.495,0.19792771621148453,0.7,0.28,0.02,0.475,0.225
/model_progression/progressionmodel_2M_160000,200,Measurement_Layout_AAIO,0.595,0.51,0.1700799840427088,0.75,0.22,0.03,0.48,0.27
/model_progression/progressionmodel_2M_200000,200,Measurement_Layout_AAIO,0.67,0.545,0.16333465215470022,0.735,0.24,0.025,0.52,0.215
/model_progression/progressionmodel_2M_240000,200,Measurement_Layout_AAIO,0.74,0.62,0.17449667950998593,0.7150000000000001,0.25,0.035,0.585,0.13
/model_progression/progressionmodel_2M_280000,200,Measurement_Layout_AAIO,0.645,0.49,0.18996170015844713,0.6799999999999999,0.305,0.015,0.475,0.205
/model_progression/progressionmodel_2M_320000,200,Measurement_Layout_AAIO,0.705,0.62,0.1579952091250403,0.76,0.22,0.02,0.6,0.16
/model_progression/progressionmodel_2M_360000,200,Measurement_Layout_AAIO,0.6,0.555,0.15633278408032714,0.75,0.205,0.045,0.51,0.24
/model_progression/progressionmodel_2M_400000,200,Measurement_Layout_AAIO,0.61,0.525,0.17228736880329976,0.72,0.225,0.055,0.47,0.25
/model_progression/progressionmodel_2M_440000,200,Measurement_Layout_AAIO,0.63,0.5,0.20683608207038767,0.675,0.275,0.05,0.45,0.225
/model_progression/progressionmodel_2M_480000,200,Measurement_Layout_AAIO,0.61,0.48,0.16846634434296273,0.73,0.26,0.01,0.47,0.26
/model_progression/progressionmodel_2M_520000,200,Measurement_Layout_AAIO,0.665,0.57,0.1603755102725526,0.735,0.225,0.04,0.53,0.205
/model_progression/progressionmodel_2M_560000,200,Measurement_Layout_AAIO,0.65,0.51,0.19016460424400897,0.6950000000000001,0.28,0.025,0.485,0.21
/model_progression/progressionmodel_2M_600000,200,Measurement_Layout_AAIO,0.625,0.51,0.17987348220077531,0.7,0.27,0.03,0.48,0.22
/model_progression/progressionmodel_2M_640000,200,Measurement_Layout_AAIO,0.605,0.48,0.17429583593388756,0.71,0.25,0.04,0.44,0.27
/model_progression/progressionmodel_2M_680000,200,Measurement_Layout_AAIO,0.66,0.505,0.18323520645534483,0.69,0.29,0.02,0.485,0.205
/model_progression/progressionmodel_2M_720000,200,Measurement_Layout_AAIO,0.645,0.575,0.1431095643562996,0.765,0.22,0.015,0.56,0.205
/model_progression/progressionmodel_2M_760000,200,Measurement_Layout_AAIO,0.725,0.59,0.18376381731192726,0.7,0.285,0.015,0.575,0.125
/model_progression/progressionmodel_2M_800000,200,Measurement_Layout_AAIO,0.59,0.525,0.18215306290340455,0.7,0.24,0.06,0.465,0.235
/model_progression/progressionmodel_2M_840000,200,Measurement_Layout_AAIO,0.65,0.52,0.16372850095049088,0.73,0.25,0.02,0.5,0.23
/model_progression/progressionmodel_2M_880000,200,Measurement_Layout_AAIO,0.65,0.55,0.14036781903333992,0.77,0.21,0.02,0.53,0.24
/model_progression/progressionmodel_2M_920000,200,Measurement_Layout_AAIO,0.7,0.57,0.17319595023902395,0.7150000000000001,0.255,0.03,0.54,0.175
/model_progression/progressionmodel_2M_960000,200,Measurement_Layout_AAIO,0.68,0.6,0.1588620772493556,0.735,0.22,0.045,0.555,0.18
/model_progression/progressionmodel_2M_1000000,200,Measurement_Layout_AAIO,0.65,0.58,0.15300104357186342,0.77,0.19,0.04,0.54,0.23
/model_progression/progressionmodel_2M_1040000,200,Measurement_Layout_AAIO,0.685,0.565,0.1655439369762199,0.735,0.235,0.03,0.535,0.2
/model_progression/progressionmodel_2M_1080000,200,Measurement_Layout_AAIO,0.705,0.585,0.16240659237599098,0.725,0.26,0.015,0.57,0.155
/model_progression/progressionmodel_2M_1120000,200,Measurement_Layout_AAIO,0.695,0.55,0.18156996926083216,0.6950000000000001,0.28,0.025,0.525,0.17
/model_progression/progressionmodel_2M_1160000,200,Measurement_Layout_AAIO,0.645,0.57,0.1491685112067527,0.75,0.22,0.03,0.54,0.21
/model_progression/progressionmodel_2M_1200000,200,Measurement_Layout_AAIO,0.745,0.635,0.15601126220639092,0.735,0.235,0.03,0.605,0.13
/model_progression/progressionmodel_2M_1240000,200,Measurement_Layout_AAIO,0.755,0.655,0.15783647844926488,0.76,0.225,0.015,0.64,0.12
/model_progression/progressionmodel_2M_1280000,200,Measurement_Layout_AAIO,0.64,0.545,0.15171943367775861,0.76,0.22,0.02,0.525,0.235
/model_progression/progressionmodel_2M_1320000,200,Measurement_Layout_AAIO,0.76,0.625,0.19295853513884226,0.7,0.275,0.025,0.6,0.1
/model_progression/progressionmodel_2M_1360000,200,Measurement_Layout_AAIO,0.68,0.565,0.16829256643785925,0.725,0.265,0.01,0.555,0.17
/model_progression/progressionmodel_2M_1400000,200,Measurement_Layout_AAIO,0.64,0.535,0.1518238352083488,0.775,0.205,0.02,0.515,0.26
/model_progression/progressionmodel_2M_1440000,200,Measurement_Layout_AAIO,0.735,0.655,0.14288692038232845,0.775,0.195,0.03,0.625,0.15
/model_progression/progressionmodel_2M_1480000,200,Measurement_Layout_AAIO,0.715,0.65,0.14074751999771415,0.79,0.195,0.015,0.635,0.155
/model_progression/progressionmodel_2M_1520000,200,Measurement_Layout_AAIO,0.735,0.68,0.136135492510862,0.775,0.205,0.02,0.66,0.115
/model_progression/progressionmodel_2M_1560000,200,Measurement_Layout_AAIO,0.7,0.61,0.14473070496644064,0.775,0.205,0.02,0.59,0.185
/model_progression/progressionmodel_2M_1600000,200,Measurement_Layout_AAIO,0.735,0.625,0.14460450537840208,0.77,0.22,0.01,0.615,0.155
/model_progression/progressionmodel_2M_1640000,200,Measurement_Layout_AAIO,0.755,0.7,0.13000624006513756,0.81,0.165,0.025,0.675,0.135
/model_progression/progressionmodel_2M_1680000,200,Measurement_Layout_AAIO,0.67,0.625,0.13880232072582577,0.795,0.17,0.035,0.59,0.205
/model_progression/progressionmodel_2M_1720000,200,Measurement_Layout_AAIO,0.72,0.645,0.141800997475135,0.78,0.195,0.025,0.62,0.16
/model_progression/progressionmodel_2M_1760000,200,Measurement_Layout_AAIO,0.675,0.63,0.1402579613953373,0.78,0.18,0.04,0.59,0.19
/model_progression/progressionmodel_2M_1800000,200,Measurement_Layout_AAIO,0.69,0.62,0.13440184419474024,0.8,0.175,0.025,0.595,0.205
/model_progression/progressionmodel_2M_1840000,200,Measurement_Layout_AAIO,0.73,0.67,0.12836651085607664,0.8049999999999999,0.155,0.04,0.63,0.175
/model_progression/progressionmodel_2M_1880000,200,Measurement_Layout_AAIO,0.705,0.65,0.13733661265786426,0.78,0.185,0.035,0.615,0.165
/model_progression/progressionmodel_2M_1920000,200,Measurement_Layout_AAIO,0.75,0.71,0.12511945703977126,0.8,0.195,0.005,0.705,0.095
/model_progression/progressionmodel_2M_1960000,200,Measurement_Layout_AAIO,0.715,0.69,0.12016099214645616,0.81,0.16,0.03,0.66,0.15
/model_progression/progressionmodel_2M_2000000,200,Measurement_Layout_AAIO,0.69,0.645,0.13788319722211806,0.795,0.18,0.025,0.62,0.175
/model_progression/progressionmodel_2M_40000,200,Measurement_Layout_AAIO,0.345,0.275,0.17337808203490276,0.795,0.075,0.13,0.145,0.65
/model_progression/progressionmodel_2M_80000,200,Measurement_Layout_AAIO,0.375,0.46,0.17830042465770793,0.75,0.235,0.015,0.445,0.305
/model_progression/progressionmodel_2M_120000,200,Measurement_Layout_AAIO,0.365,0.495,0.1782296865950011,0.7150000000000001,0.26,0.025,0.47,0.245
/model_progression/progressionmodel_2M_160000,200,Measurement_Layout_AAIO,0.32,0.51,0.1654475201031205,0.73,0.265,0.005,0.505,0.225
/model_progression/progressionmodel_2M_200000,200,Measurement_Layout_AAIO,0.42,0.545,0.17884793319958547,0.6950000000000001,0.275,0.03,0.515,0.18
/model_progression/progressionmodel_2M_240000,200,Measurement_Layout_AAIO,0.57,0.62,0.1740263653028287,0.72,0.265,0.015,0.605,0.115
/model_progression/progressionmodel_2M_280000,200,Measurement_Layout_AAIO,0.585,0.49,0.18427187489752592,0.685,0.305,0.01,0.48,0.205
/model_progression/progressionmodel_2M_320000,200,Measurement_Layout_AAIO,0.51,0.62,0.17438116092365888,0.75,0.24,0.01,0.61,0.14
/model_progression/progressionmodel_2M_360000,200,Measurement_Layout_AAIO,0.525,0.555,0.18750461686547226,0.72,0.255,0.025,0.53,0.19
/model_progression/progressionmodel_2M_400000,200,Measurement_Layout_AAIO,0.61,0.525,0.1976870163962312,0.6799999999999999,0.3,0.02,0.505,0.175
/model_progression/progressionmodel_2M_440000,200,Measurement_Layout_AAIO,0.53,0.5,0.1904717358465315,0.7050000000000001,0.275,0.02,0.48,0.225
/model_progression/progressionmodel_2M_480000,200,Measurement_Layout_AAIO,0.595,0.48,0.18261295006111525,0.6799999999999999,0.305,0.015,0.465,0.215
/model_progression/progressionmodel_2M_520000,200,Measurement_Layout_AAIO,0.525,0.57,0.18340543334394774,0.7050000000000001,0.275,0.02,0.55,0.155
/model_progression/progressionmodel_2M_560000,200,Measurement_Layout_AAIO,0.51,0.51,0.20776292122091292,0.665,0.325,0.01,0.5,0.165
/model_progression/progressionmodel_2M_600000,200,Measurement_Layout_AAIO,0.605,0.51,0.18392871176329098,0.7050000000000001,0.275,0.02,0.49,0.215
/model_progression/progressionmodel_2M_640000,200,Measurement_Layout_AAIO,0.565,0.48,0.176133625708261,0.72,0.265,0.015,0.465,0.255
/model_progression/progressionmodel_2M_680000,200,Measurement_Layout_AAIO,0.6,0.505,0.20087870531041696,0.6699999999999999,0.325,0.005,0.5,0.17
/model_progression/progressionmodel_2M_720000,200,Measurement_Layout_AAIO,0.555,0.575,0.15655650574096755,0.745,0.255,0.0,0.575,0.17
/model_progression/progressionmodel_2M_760000,200,Measurement_Layout_AAIO,0.58,0.59,0.1960365837014284,0.675,0.305,0.02,0.57,0.105
/model_progression/progressionmodel_2M_800000,200,Measurement_Layout_AAIO,0.63,0.525,0.1983436530956395,0.665,0.285,0.05,0.475,0.19
/model_progression/progressionmodel_2M_840000,200,Measurement_Layout_AAIO,0.625,0.52,0.19747845723866303,0.69,0.3,0.01,0.51,0.18
/model_progression/progressionmodel_2M_880000,200,Measurement_Layout_AAIO,0.605,0.55,0.17995774363718461,0.72,0.265,0.015,0.535,0.185
/model_progression/progressionmodel_2M_920000,200,Measurement_Layout_AAIO,0.58,0.57,0.17161882593037944,0.735,0.255,0.01,0.56,0.175
/model_progression/progressionmodel_2M_960000,200,Measurement_Layout_AAIO,0.625,0.6,0.18681439421996696,0.72,0.255,0.025,0.575,0.145
/model_progression/progressionmodel_2M_1000000,200,Measurement_Layout_AAIO,0.625,0.58,0.17788349816524446,0.725,0.265,0.01,0.57,0.155
/model_progression/progressionmodel_2M_1040000,200,Measurement_Layout_AAIO,0.68,0.565,0.1854406192832847,0.72,0.275,0.005,0.56,0.16
/model_progression/progressionmodel_2M_1080000,200,Measurement_Layout_AAIO,0.715,0.585,0.19388801164666025,0.7050000000000001,0.28,0.015,0.57,0.135
/model_progression/progressionmodel_2M_1120000,200,Measurement_Layout_AAIO,0.655,0.55,0.19972966988168334,0.6799999999999999,0.31,0.01,0.54,0.14
/model_progression/progressionmodel_2M_1160000,200,Measurement_Layout_AAIO,0.72,0.57,0.17034003740751033,0.735,0.25,0.015,0.555,0.18
/model_progression/progressionmodel_2M_1200000,200,Measurement_Layout_AAIO,0.75,0.635,0.14411507564679282,0.795,0.18,0.025,0.61,0.185
/model_progression/progressionmodel_2M_1240000,200,Measurement_Layout_AAIO,0.585,0.655,0.1485220097474524,0.775,0.21,0.015,0.64,0.135
/model_progression/progressionmodel_2M_1280000,200,Measurement_Layout_AAIO,0.565,0.545,0.15051518047859566,0.775,0.185,0.04,0.505,0.27
/model_progression/progressionmodel_2M_1320000,200,Measurement_Layout_AAIO,0.52,0.625,0.18250333450801617,0.725,0.25,0.025,0.6,0.125
/model_progression/progressionmodel_2M_1360000,200,Measurement_Layout_AAIO,0.595,0.565,0.1502754939988495,0.79,0.19,0.02,0.545,0.245
/model_progression/progressionmodel_2M_1400000,200,Measurement_Layout_AAIO,0.61,0.535,0.14630577918780094,0.78,0.2,0.02,0.515,0.265
/model_progression/progressionmodel_2M_1440000,200,Measurement_Layout_AAIO,0.675,0.655,0.13112478653379397,0.815,0.17,0.015,0.64,0.175
/model_progression/progressionmodel_2M_1480000,200,Measurement_Layout_AAIO,0.685,0.65,0.13845890537485311,0.785,0.175,0.04,0.61,0.175
/model_progression/progressionmodel_2M_1520000,200,Measurement_Layout_AAIO,0.68,0.68,0.1360576072512909,0.775,0.205,0.02,0.66,0.115
/model_progression/progressionmodel_2M_1560000,200,Measurement_Layout_AAIO,0.625,0.61,0.1332633143479789,0.78,0.2,0.02,0.59,0.19
/model_progression/progressionmodel_2M_1600000,200,Measurement_Layout_AAIO,0.67,0.625,0.13218726092257058,0.79,0.195,0.015,0.61,0.18
/model_progression/progressionmodel_2M_1640000,200,Measurement_Layout_AAIO,0.58,0.7,0.12238057967194038,0.81,0.17,0.02,0.68,0.13
/model_progression/progressionmodel_2M_1680000,200,Measurement_Layout_AAIO,0.595,0.625,0.13047773741715327,0.8049999999999999,0.18,0.015,0.61,0.195
/model_progression/progressionmodel_2M_1720000,200,Measurement_Layout_AAIO,0.55,0.645,0.13281496366648443,0.81,0.17,0.02,0.625,0.185
/model_progression/progressionmodel_2M_1760000,200,Measurement_Layout_AAIO,0.615,0.63,0.1345240162949401,0.795,0.165,0.04,0.59,0.205
/model_progression/progressionmodel_2M_1800000,200,Measurement_Layout_AAIO,0.625,0.62,0.13212772797661523,0.795,0.18,0.025,0.595,0.2
/model_progression/progressionmodel_2M_1840000,200,Measurement_Layout_AAIO,0.63,0.67,0.1320484218800172,0.8049999999999999,0.165,0.03,0.64,0.165
/model_progression/progressionmodel_2M_1880000,200,Measurement_Layout_AAIO,0.59,0.65,0.1328063784253297,0.78,0.195,0.025,0.625,0.155
/model_progression/progressionmodel_2M_1920000,200,Measurement_Layout_AAIO,0.57,0.71,0.11824744677675696,0.81,0.15,0.04,0.67,0.14
/model_progression/progressionmodel_2M_1960000,200,Measurement_Layout_AAIO,0.615,0.69,0.11963689289351585,0.825,0.155,0.02,0.67,0.155
/model_progression/progressionmodel_2M_2000000,200,Measurement_Layout_AAIO,0.66,0.645,0.1356470913887609,0.795,0.18,0.025,0.62,0.175
/model_progression/progressionmodel_2M_40000,200,Measurement_Layout_AAIO,0.46,0.275,0.1962645426319608,0.685,0.265,0.05,0.225,0.46
/model_progression/progressionmodel_2M_80000,200,Measurement_Layout_AAIO,0.57,0.46,0.16190233021330705,0.7150000000000001,0.26,0.025,0.435,0.28
/model_progression/progressionmodel_2M_120000,200,Measurement_Layout_AAIO,0.6,0.495,0.1662015936286706,0.71,0.255,0.035,0.46,0.25
/model_progression/progressionmodel_2M_160000,200,Measurement_Layout_AAIO,0.57,0.51,0.14825471709574767,0.755,0.21,0.035,0.475,0.28
/model_progression/progressionmodel_2M_200000,200,Measurement_Layout_AAIO,0.65,0.545,0.15582415519232962,0.75,0.21,0.04,0.505,0.245
/model_progression/progressionmodel_2M_240000,200,Measurement_Layout_AAIO,0.75,0.62,0.17364286115422164,0.725,0.26,0.015,0.605,0.12
/model_progression/progressionmodel_2M_280000,200,Measurement_Layout_AAIO,0.64,0.49,0.195598202098847,0.685,0.315,0.0,0.49,0.195
/model_progression/progressionmodel_2M_320000,200,Measurement_Layout_AAIO,0.68,0.62,0.15901756307166945,0.755,0.22,0.025,0.595,0.16
/model_progression/progressionmodel_2M_360000,200,Measurement_Layout_AAIO,0.62,0.555,0.16264860096271322,0.745,0.23,0.025,0.53,0.215
/model_progression/progressionmodel_2M_400000,200,Measurement_Layout_AAIO,0.61,0.525,0.17490870423017554,0.7050000000000001,0.245,0.05,0.475,0.23
/model_progression/progressionmodel_2M_440000,200,Measurement_Layout_AAIO,0.67,0.5,0.20937830999219403,0.655,0.295,0.05,0.45,0.205
/model_progression/progressionmodel_2M_480000,200,Measurement_Layout_AAIO,0.6,0.48,0.17475596251886924,0.7150000000000001,0.255,0.03,0.45,0.265
/model_progression/progressionmodel_2M_520000,200,Measurement_Layout_AAIO,0.66,0.57,0.16145890938488378,0.73,0.225,0.045,0.525,0.205
/model_progression/progressionmodel_2M_560000,200,Measurement_Layout_AAIO,0.7,0.51,0.20971750729293648,0.6599999999999999,0.305,0.035,0.475,0.185
/model_progression/progressionmodel_2M_600000,200,Measurement_Layout_AAIO,0.64,0.51,0.19308404127190237,0.665,0.29,0.045,0.465,0.2
/model_progression/progressionmodel_2M_640000,200,Measurement_Layout_AAIO,0.6,0.48,0.18731325708889246,0.69,0.275,0.035,0.445,0.245
/model_progression/progressionmodel_2M_680000,200,Measurement_Layout_AAIO,0.62,0.505,0.18542458250460406,0.69,0.27,0.04,0.465,0.225
/model_progression/progressionmodel_2M_720000,200,Measurement_Layout_AAIO,0.65,0.575,0.15499806839641825,0.765,0.205,0.03,0.545,0.22
/model_progression/progressionmodel_2M_760000,200,Measurement_Layout_AAIO,0.74,0.59,0.17513218807047767,0.7050000000000001,0.275,0.02,0.57,0.135
/model_progression/progressionmodel_2M_800000,200,Measurement_Layout_AAIO,0.62,0.525,0.18539574383485544,0.7050000000000001,0.255,0.04,0.485,0.22
/model_progression/progressionmodel_2M_840000,200,Measurement_Layout_AAIO,0.68,0.52,0.17302882565992533,0.7150000000000001,0.27,0.015,0.505,0.21
/model_progression/progressionmodel_2M_880000,200,Measurement_Layout_AAIO,0.66,0.55,0.14536459487297917,0.765,0.22,0.015,0.535,0.23
/model_progression/progressionmodel_2M_920000,200,Measurement_Layout_AAIO,0.64,0.57,0.1637438600697416,0.74,0.215,0.045,0.525,0.215
/model_progression/progressionmodel_2M_960000,200,Measurement_Layout_AAIO,0.67,0.6,0.15704973981547543,0.75,0.2,0.05,0.55,0.2
/model_progression/progressionmodel_2M_1000000,200,Measurement_Layout_AAIO,0.68,0.58,0.15947145222079123,0.755,0.21,0.035,0.545,0.21
/model_progression/progressionmodel_2M_1040000,200,Measurement_Layout_AAIO,0.71,0.565,0.17356340854457805,0.7150000000000001,0.26,0.025,0.54,0.175
/model_progression/progressionmodel_2M_1080000,200,Measurement_Layout_AAIO,0.73,0.585,0.17183477303036682,0.7150000000000001,0.27,0.015,0.57,0.145
/model_progression/progressionmodel_2M_1120000,200,Measurement_Layout_AAIO,0.7,0.55,0.18598162439672433,0.685,0.3,0.015,0.535,0.15
/model_progression/progressionmodel_2M_1160000,200,Measurement_Layout_AAIO,0.64,0.57,0.1507463188194112,0.745,0.225,0.03,0.54,0.205
/model_progression/progressionmodel_2M_1200000,200,Measurement_Layout_AAIO,0.74,0.635,0.152246129696471,0.765,0.19,0.045,0.59,0.175
/model_progression/progressionmodel_2M_1240000,200,Measurement_Layout_AAIO,0.77,0.655,0.16262194157398138,0.745,0.24,0.015,0.64,0.105
/model_progression/progressionmodel_2M_1280000,200,Measurement_Layout_AAIO,0.65,0.545,0.16854609073951307,0.71,0.28,0.01,0.535,0.175
/model_progression/progressionmodel_2M_1320000,200,Measurement_Layout_AAIO,0.78,0.625,0.19662634685645775,0.69,0.285,0.025,0.6,0.09
/model_progression/progressionmodel_2M_1360000,200,Measurement_Layout_AAIO,0.72,0.565,0.1922693299000311,0.7,0.295,0.005,0.56,0.14
/model_progression/progressionmodel_2M_1400000,200,Measurement_Layout_AAIO,0.65,0.535,0.16494939450258073,0.74,0.24,0.02,0.515,0.225
/model_progression/progressionmodel_2M_1440000,200,Measurement_Layout_AAIO,0.76,0.655,0.14389814024489886,0.775,0.195,0.03,0.625,0.15
/model_progression/progressionmodel_2M_1480000,200,Measurement_Layout_AAIO,0.71,0.65,0.1420430191611989,0.775,0.19,0.035,0.615,0.16
/model_progression/progressionmodel_2M_1520000,200,Measurement_Layout_AAIO,0.7,0.68,0.13464575021697867,0.81,0.15,0.04,0.64,0.17
/model_progression/progressionmodel_2M_1560000,200,Measurement_Layout_AAIO,0.7,0.61,0.1516984403788932,0.76,0.2,0.04,0.57,0.19
/model_progression/progressionmodel_2M_1600000,200,Measurement_Layout_AAIO,0.75,0.625,0.15547483946774165,0.765,0.215,0.02,0.605,0.16
/model_progression/progressionmodel_2M_1640000,200,Measurement_Layout_AAIO,0.79,0.7,0.13671632478719,0.8,0.18,0.02,0.68,0.12
/model_progression/progressionmodel_2M_1680000,200,Measurement_Layout_AAIO,0.67,0.625,0.14938898489306213,0.78,0.185,0.035,0.59,0.19
/model_progression/progressionmodel_2M_1720000,200,Measurement_Layout_AAIO,0.72,0.645,0.14792464805890052,0.775,0.2,0.025,0.62,0.155
/model_progression/progressionmodel_2M_1760000,200,Measurement_Layout_AAIO,0.72,0.63,0.14796395552984873,0.78,0.195,0.025,0.605,0.175
/model_progression/progressionmodel_2M_1800000,200,Measurement_Layout_AAIO,0.72,0.62,0.14268935338237143,0.79,0.19,0.02,0.6,0.19
/model_progression/progressionmodel_2M_1840000,200,Measurement_Layout_AAIO,0.77,0.67,0.13311419615596573,0.8,0.175,0.025,0.645,0.155
/model_progression/progressionmodel_2M_1880000,200,Measurement_Layout_AAIO,0.68,0.65,0.14581365712495858,0.785,0.175,0.04,0.61,0.175
/model_progression/progressionmodel_2M_1920000,200,Measurement_Layout_AAIO,0.75,0.71,0.11925073944131975,0.815,0.16,0.025,0.685,0.13
/model_progression/progressionmodel_2M_1960000,200,Measurement_Layout_AAIO,0.74,0.69,0.12456277182752308,0.8049999999999999,0.165,0.03,0.66,0.145
/model_progression/progressionmodel_2M_2000000,200,Measurement_Layout_AAIO,0.7,0.645,0.14165341399738665,0.78,0.2,0.02,0.625,0.155
